scenario,event_id,t0_us,t1_us,t2_us,t3_us,t4_us,status
S5,361,1074171401,1074171413,1074171430,1074177265,1074182818,ok
S5,362,1076173311,1076177262,1076177279,1076197265,1076202818,ok
S5,363,1078462335,1078467261,1078467278,1078497265,1078502822,ok
S5,364,1081615787,1081617262,1081617279,1081657265,1081662818,ok
S5,365,1084046511,1084047262,1084047279,1084097357,1084102910,ok
S5,366,1087557888,1087557900,1087557917,1087617265,1087622816,ok
S5,367,1090672178,1090672190,1090677255,1090747265,1090752817,ok
S5,368,1093805169,1093807262,1093807279,1093887265,1093892820,ok
S5,369,1096247328,1096247340,1096247356,1096337265,1096342817,ok
S5,370,1098825500,1098827262,1098827279,1098927357,1098932911,ok
S5,371,1102344635,1102347262,1102347279,1102457265,1102462818,ok
S5,372,1105081898,1105081909,1105081926,1105197265,1105202820,ok
S5,373,1108168211,1108168223,1108168239,1108297265,1108302817,ok
S5,374,1110683770,1110687262,1110687279,1110827265,1110832816,ok
S5,375,1113251245,1113251257,1113251274,1113397265,1113402821,ok
S5,376,1116086000,1116087262,1116087279,,,tx_drop
S5,377,1117928556,1117928568,1117928584,1118087265,1118092822,ok
S5,378,1121365964,1121367262,1121367279,,,tx_drop
S5,379,1123361107,1123361119,1123361135,1123517265,1123522818,ok
S5,380,1126848106,1126848118,1126848135,1127007265,1127012816,ok
S5,381,1129851225,1129851237,1129851254,1130007265,1130012817,ok
S5,382,1132138458,1132138470,1132138486,1132297265,1132302819,ok
S5,383,1135211127,1135211139,1135211156,1135367265,1135372821,ok
S5,384,1137889525,1137889537,1137889554,1138047265,1138052823,ok
S5,385,1140575981,1140577262,1140577279,,,tx_drop
S5,386,1141896247,1141897262,1141897279,,,tx_drop
S5,387,1143421551,1143421563,1143421579,1143577265,1143582824,ok
S5,388,1146540411,1146540423,1146540439,1146697265,1146702815,ok
S5,389,1149333268,1149337262,1149337279,,,tx_drop
S5,390,1150655403,1150657262,1150657279,,,tx_drop
